filename,species,original_path,split
train\Bengal_Tiger\Bengal_Tiger_0000.jpg,Bengal_Tiger,data\raw\Bengal_Tiger\bengal_tiger_031.jpg,train
train\Bengal_Tiger\Bengal_Tiger_0001.jpg,Bengal_Tiger,data\raw\Bengal_Tiger\bengal_tiger_054.jpg,train
train\Bengal_Tiger\Bengal_Tiger_0002.jpg,Bengal_Tiger,data\raw\Bengal_Tiger\bengal_tiger_059.jpg,train
train\Bengal_Tiger\Bengal_Tiger_0003.jpg,Bengal_Tiger,data\raw\Bengal_Tiger\bengal_tiger_010.jpg,train
train\Bengal_Tiger\Bengal_Tiger_0004.jpg,Bengal_Tiger,data\raw\Bengal_Tiger\bengal_tiger_034.jpg,train
train\Bengal_Tiger\Bengal_Tiger_0005.jpg,Bengal_Tiger,data\raw\Bengal_Tiger\bengal_tiger_026.jpg,train
train\Bengal_Tiger\Bengal_Tiger_0006.jpg,Bengal_Tiger,data\raw\Bengal_Tiger\bengal_tiger_010.jpg,train
train\Bengal_Tiger\Bengal_Tiger_0007.jpg,Bengal_Tiger,data\raw\Bengal_Tiger\bengal_tiger_029.jpg,train
train\Bengal_Tiger\Bengal_Tiger_0008.jpg,Bengal_Tiger,data\raw\Bengal_Tiger\bengal_tiger_039.jpg,train
train\Bengal_Tiger\Bengal_Tiger_0009.jpg,Bengal_Tiger,data\raw\Bengal_Tiger\bengal_tiger_026.jpg,train
train\Bengal_Tiger\Bengal_Tiger_0010.jpg,Bengal_Tiger,data\raw\Bengal_Tiger\bengal_tiger_006.jpg,train
train\Bengal_Tiger\Bengal_Tiger_0011.jpg,Bengal_Tiger,data\raw\Bengal_Tiger\bengal_tiger_031.jpg,train
train\Bengal_Tiger\Bengal_Tiger_0012.jpg,Bengal_Tiger,data\raw\Bengal_Tiger\bengal_tiger_009.jpg,train
train\Bengal_Tiger\Bengal_Tiger_0013.jpg,Bengal_Tiger,data\raw\Bengal_Tiger\bengal_tiger_040.jpg,train
train\Bengal_Tiger\Bengal_Tiger_0014.jpg,Bengal_Tiger,data\raw\Bengal_Tiger\bengal_tiger_050.jpg,train
train\Bengal_Tiger\Bengal_Tiger_0015.jpg,Bengal_Tiger,data\raw\Bengal_Tiger\bengal_tiger_036.jpg,train
train\Bengal_Tiger\Bengal_Tiger_0016.jpg,Bengal_Tiger,data\raw\Bengal_Tiger\bengal_tiger_017.jpg,train
train\Bengal_Tiger\Bengal_Tiger_0017.jpg,Bengal_Tiger,data\raw\Bengal_Tiger\bengal_tiger_007.jpg,train
train\Bengal_Tiger\Bengal_Tiger_0018.jpg,Bengal_Tiger,data\raw\Bengal_Tiger\bengal_tiger_035.jpg,train
train\Bengal_Tiger\Bengal_Tiger_0019.jpg,Bengal_Tiger,data\raw\Bengal_Tiger\bengal_tiger_054.jpg,train
train\Bengal_Tiger\Bengal_Tiger_0020.jpg,Bengal_Tiger,data\raw\Bengal_Tiger\bengal_tiger_008.jpg,train
train\Bengal_Tiger\Bengal_Tiger_0021.jpg,Bengal_Tiger,data\raw\Bengal_Tiger\bengal_tiger_044.jpg,train
train\Bengal_Tiger\Bengal_Tiger_0022.jpg,Bengal_Tiger,data\raw\Bengal_Tiger\bengal_tiger_013.jpg,train
train\Bengal_Tiger\Bengal_Tiger_0023.jpg,Bengal_Tiger,data\raw\Bengal_Tiger\bengal_tiger_008.jpg,train
train\Bengal_Tiger\Bengal_Tiger_0024.jpg,Bengal_Tiger,data\raw\Bengal_Tiger\bengal_tiger_024.jpg,train
train\Bengal_Tiger\Bengal_Tiger_0025.jpg,Bengal_Tiger,data\raw\Bengal_Tiger\bengal_tiger_028.jpg,train
train\Bengal_Tiger\Bengal_Tiger_0026.jpg,Bengal_Tiger,data\raw\Bengal_Tiger\bengal_tiger_020.jpg,train
train\Bengal_Tiger\Bengal_Tiger_0027.jpg,Bengal_Tiger,data\raw\Bengal_Tiger\bengal_tiger_036.jpg,train
train\Bengal_Tiger\Bengal_Tiger_0028.jpg,Bengal_Tiger,data\raw\Bengal_Tiger\bengal_tiger_041.jpg,train
train\Bengal_Tiger\Bengal_Tiger_0029.jpg,Bengal_Tiger,data\raw\Bengal_Tiger\bengal_tiger_009.jpg,train
train\Bengal_Tiger\Bengal_Tiger_0030.jpg,Bengal_Tiger,data\raw\Bengal_Tiger\bengal_tiger_014.jpg,train
train\Bengal_Tiger\Bengal_Tiger_0031.jpg,Bengal_Tiger,data\raw\Bengal_Tiger\bengal_tiger_025.jpg,train
train\Bengal_Tiger\Bengal_Tiger_0032.jpg,Bengal_Tiger,data\raw\Bengal_Tiger\bengal_tiger_004.jpg,train
train\Bengal_Tiger\Bengal_Tiger_0033.jpg,Bengal_Tiger,data\raw\Bengal_Tiger\bengal_tiger_018.jpg,train
train\Bengal_Tiger\Bengal_Tiger_0034.jpg,Bengal_Tiger,data\raw\Bengal_Tiger\bengal_tiger_039.jpg,train
train\Bengal_Tiger\Bengal_Tiger_0035.jpg,Bengal_Tiger,data\raw\Bengal_Tiger\bengal_tiger_058.jpg,train
train\Bengal_Tiger\Bengal_Tiger_0036.jpg,Bengal_Tiger,data\raw\Bengal_Tiger\bengal_tiger_007.jpg,train
train\Bengal_Tiger\Bengal_Tiger_0037.jpg,Bengal_Tiger,data\raw\Bengal_Tiger\bengal_tiger_018.jpg,train
train\Bengal_Tiger\Bengal_Tiger_0038.jpg,Bengal_Tiger,data\raw\Bengal_Tiger\bengal_tiger_052.jpg,train
train\Bengal_Tiger\Bengal_Tiger_0039.jpg,Bengal_Tiger,data\raw\Bengal_Tiger\bengal_tiger_035.jpg,train
train\Bengal_Tiger\Bengal_Tiger_0040.jpg,Bengal_Tiger,data\raw\Bengal_Tiger\bengal_tiger_055.jpg,train
train\Bengal_Tiger\Bengal_Tiger_0041.jpg,Bengal_Tiger,data\raw\Bengal_Tiger\bengal_tiger_051.jpg,train
train\Bengal_Tiger\Bengal_Tiger_0042.jpg,Bengal_Tiger,data\raw\Bengal_Tiger\bengal_tiger_021.jpg,train
train\Bengal_Tiger\Bengal_Tiger_0043.jpg,Bengal_Tiger,data\raw\Bengal_Tiger\bengal_tiger_047.jpg,train
train\Bengal_Tiger\Bengal_Tiger_0044.jpg,Bengal_Tiger,data\raw\Bengal_Tiger\bengal_tiger_022.jpg,train
train\Bengal_Tiger\Bengal_Tiger_0045.jpg,Bengal_Tiger,data\raw\Bengal_Tiger\bengal_tiger_002.jpg,train
train\Bengal_Tiger\Bengal_Tiger_0046.jpg,Bengal_Tiger,data\raw\Bengal_Tiger\bengal_tiger_057.jpg,train
train\Bengal_Tiger\Bengal_Tiger_0047.jpg,Bengal_Tiger,data\raw\Bengal_Tiger\bengal_tiger_020.jpg,train
train\Bengal_Tiger\Bengal_Tiger_0048.jpg,Bengal_Tiger,data\raw\Bengal_Tiger\bengal_tiger_034.jpg,train
train\Bengal_Tiger\Bengal_Tiger_0049.jpg,Bengal_Tiger,data\raw\Bengal_Tiger\bengal_tiger_042.jpg,train
train\Bengal_Tiger\Bengal_Tiger_0050.jpg,Bengal_Tiger,data\raw\Bengal_Tiger\bengal_tiger_059.jpg,train
train\Bengal_Tiger\Bengal_Tiger_0051.jpg,Bengal_Tiger,data\raw\Bengal_Tiger\bengal_tiger_049.jpg,train
train\Bengal_Tiger\Bengal_Tiger_0052.jpg,Bengal_Tiger,data\raw\Bengal_Tiger\bengal_tiger_042.jpg,train
train\Bengal_Tiger\Bengal_Tiger_0053.jpg,Bengal_Tiger,data\raw\Bengal_Tiger\bengal_tiger_058.jpg,train
train\Bengal_Tiger\Bengal_Tiger_0054.jpg,Bengal_Tiger,data\raw\Bengal_Tiger\bengal_tiger_016.jpg,train
train\Bengal_Tiger\Bengal_Tiger_0055.jpg,Bengal_Tiger,data\raw\Bengal_Tiger\bengal_tiger_033.jpg,train
train\Bengal_Tiger\Bengal_Tiger_0056.jpg,Bengal_Tiger,data\raw\Bengal_Tiger\bengal_tiger_053.jpg,train
train\Bengal_Tiger\Bengal_Tiger_0057.jpg,Bengal_Tiger,data\raw\Bengal_Tiger\bengal_tiger_060.jpg,train
train\Bengal_Tiger\Bengal_Tiger_0058.jpg,Bengal_Tiger,data\raw\Bengal_Tiger\bengal_tiger_004.jpg,train
train\Bengal_Tiger\Bengal_Tiger_0059.jpg,Bengal_Tiger,data\raw\Bengal_Tiger\bengal_tiger_046.jpg,train
train\Bengal_Tiger\Bengal_Tiger_0060.jpg,Bengal_Tiger,data\raw\Bengal_Tiger\bengal_tiger_038.jpg,train
train\Bengal_Tiger\Bengal_Tiger_0061.jpg,Bengal_Tiger,data\raw\Bengal_Tiger\bengal_tiger_030.jpg,train
train\Bengal_Tiger\Bengal_Tiger_0062.jpg,Bengal_Tiger,data\raw\Bengal_Tiger\bengal_tiger_056.jpg,train
train\Bengal_Tiger\Bengal_Tiger_0063.jpg,Bengal_Tiger,data\raw\Bengal_Tiger\bengal_tiger_002.jpg,train
train\Bengal_Tiger\Bengal_Tiger_0064.jpg,Bengal_Tiger,data\raw\Bengal_Tiger\bengal_tiger_053.jpg,train
train\Bengal_Tiger\Bengal_Tiger_0065.jpg,Bengal_Tiger,data\raw\Bengal_Tiger\bengal_tiger_022.jpg,train
train\Bengal_Tiger\Bengal_Tiger_0066.jpg,Bengal_Tiger,data\raw\Bengal_Tiger\bengal_tiger_003.jpg,train
train\Bengal_Tiger\Bengal_Tiger_0067.jpg,Bengal_Tiger,data\raw\Bengal_Tiger\bengal_tiger_024.jpg,train
train\Bengal_Tiger\Bengal_Tiger_0068.jpg,Bengal_Tiger,data\raw\Bengal_Tiger\bengal_tiger_044.jpg,train
train\Bengal_Tiger\Bengal_Tiger_0069.jpg,Bengal_Tiger,data\raw\Bengal_Tiger\bengal_tiger_040.jpg,train
train\Bengal_Tiger\Bengal_Tiger_0070.jpg,Bengal_Tiger,data\raw\Bengal_Tiger\bengal_tiger_028.jpg,train
train\Bengal_Tiger\Bengal_Tiger_0071.jpg,Bengal_Tiger,data\raw\Bengal_Tiger\bengal_tiger_049.jpg,train
train\Bengal_Tiger\Bengal_Tiger_0072.jpg,Bengal_Tiger,data\raw\Bengal_Tiger\bengal_tiger_015.jpg,train
train\Bengal_Tiger\Bengal_Tiger_0073.jpg,Bengal_Tiger,data\raw\Bengal_Tiger\bengal_tiger_027.jpg,train
train\Bengal_Tiger\Bengal_Tiger_0074.jpg,Bengal_Tiger,data\raw\Bengal_Tiger\bengal_tiger_023.jpg,train
train\Bengal_Tiger\Bengal_Tiger_0075.jpg,Bengal_Tiger,data\raw\Bengal_Tiger\bengal_tiger_060.jpg,train
train\Bengal_Tiger\Bengal_Tiger_0076.jpg,Bengal_Tiger,data\raw\Bengal_Tiger\bengal_tiger_021.jpg,train
train\Bengal_Tiger\Bengal_Tiger_0077.jpg,Bengal_Tiger,data\raw\Bengal_Tiger\bengal_tiger_001.jpg,train
train\Bengal_Tiger\Bengal_Tiger_0078.jpg,Bengal_Tiger,data\raw\Bengal_Tiger\bengal_tiger_012.jpg,train
train\Bengal_Tiger\Bengal_Tiger_0079.jpg,Bengal_Tiger,data\raw\Bengal_Tiger\bengal_tiger_047.jpg,train
train\Bengal_Tiger\Bengal_Tiger_0080.jpg,Bengal_Tiger,data\raw\Bengal_Tiger\bengal_tiger_015.jpg,train
train\Bengal_Tiger\Bengal_Tiger_0081.jpg,Bengal_Tiger,data\raw\Bengal_Tiger\bengal_tiger_033.jpg,train
train\Bengal_Tiger\Bengal_Tiger_0082.jpg,Bengal_Tiger,data\raw\Bengal_Tiger\bengal_tiger_052.jpg,train
train\Bengal_Tiger\Bengal_Tiger_0083.jpg,Bengal_Tiger,data\raw\Bengal_Tiger\bengal_tiger_043.jpg,train
train\Great_Hornbill\Great_Hornbill_0000.jpg,Great_Hornbill,data\raw\Great_Hornbill\great_hornbill_031.jpg,train
train\Great_Hornbill\Great_Hornbill_0001.jpg,Great_Hornbill,data\raw\Great_Hornbill\great_hornbill_054.jpg,train
train\Great_Hornbill\Great_Hornbill_0002.jpg,Great_Hornbill,data\raw\Great_Hornbill\great_hornbill_059.jpg,train
train\Great_Hornbill\Great_Hornbill_0003.jpg,Great_Hornbill,data\raw\Great_Hornbill\great_hornbill_010.jpg,train
train\Great_Hornbill\Great_Hornbill_0004.jpg,Great_Hornbill,data\raw\Great_Hornbill\great_hornbill_034.jpg,train
train\Great_Hornbill\Great_Hornbill_0005.jpg,Great_Hornbill,data\raw\Great_Hornbill\great_hornbill_026.jpg,train
train\Great_Hornbill\Great_Hornbill_0006.jpg,Great_Hornbill,data\raw\Great_Hornbill\great_hornbill_010.jpg,train
train\Great_Hornbill\Great_Hornbill_0007.jpg,Great_Hornbill,data\raw\Great_Hornbill\great_hornbill_029.jpg,train
train\Great_Hornbill\Great_Hornbill_0008.jpg,Great_Hornbill,data\raw\Great_Hornbill\great_hornbill_039.jpg,train
train\Great_Hornbill\Great_Hornbill_0009.jpg,Great_Hornbill,data\raw\Great_Hornbill\great_hornbill_026.jpg,train
train\Great_Hornbill\Great_Hornbill_0010.jpg,Great_Hornbill,data\raw\Great_Hornbill\great_hornbill_006.jpg,train
train\Great_Hornbill\Great_Hornbill_0011.jpg,Great_Hornbill,data\raw\Great_Hornbill\great_hornbill_031.jpg,train
train\Great_Hornbill\Great_Hornbill_0012.jpg,Great_Hornbill,data\raw\Great_Hornbill\great_hornbill_009.jpg,train
train\Great_Hornbill\Great_Hornbill_0013.jpg,Great_Hornbill,data\raw\Great_Hornbill\great_hornbill_040.jpg,train
train\Great_Hornbill\Great_Hornbill_0014.jpg,Great_Hornbill,data\raw\Great_Hornbill\great_hornbill_050.jpg,train
train\Great_Hornbill\Great_Hornbill_0015.jpg,Great_Hornbill,data\raw\Great_Hornbill\great_hornbill_036.jpg,train
train\Great_Hornbill\Great_Hornbill_0016.jpg,Great_Hornbill,data\raw\Great_Hornbill\great_hornbill_017.jpg,train
train\Great_Hornbill\Great_Hornbill_0017.jpg,Great_Hornbill,data\raw\Great_Hornbill\great_hornbill_007.jpg,train
train\Great_Hornbill\Great_Hornbill_0018.jpg,Great_Hornbill,data\raw\Great_Hornbill\great_hornbill_035.jpg,train
train\Great_Hornbill\Great_Hornbill_0019.jpg,Great_Hornbill,data\raw\Great_Hornbill\great_hornbill_054.jpg,train
train\Great_Hornbill\Great_Hornbill_0020.jpg,Great_Hornbill,data\raw\Great_Hornbill\great_hornbill_008.jpg,train
train\Great_Hornbill\Great_Hornbill_0021.jpg,Great_Hornbill,data\raw\Great_Hornbill\great_hornbill_044.jpg,train
train\Great_Hornbill\Great_Hornbill_0022.jpg,Great_Hornbill,data\raw\Great_Hornbill\great_hornbill_013.jpg,train
train\Great_Hornbill\Great_Hornbill_0023.jpg,Great_Hornbill,data\raw\Great_Hornbill\great_hornbill_008.jpg,train
train\Great_Hornbill\Great_Hornbill_0024.jpg,Great_Hornbill,data\raw\Great_Hornbill\great_hornbill_024.jpg,train
train\Great_Hornbill\Great_Hornbill_0025.jpg,Great_Hornbill,data\raw\Great_Hornbill\great_hornbill_028.jpg,train
train\Great_Hornbill\Great_Hornbill_0026.jpg,Great_Hornbill,data\raw\Great_Hornbill\great_hornbill_020.jpg,train
train\Great_Hornbill\Great_Hornbill_0027.jpg,Great_Hornbill,data\raw\Great_Hornbill\great_hornbill_036.jpg,train
train\Great_Hornbill\Great_Hornbill_0028.jpg,Great_Hornbill,data\raw\Great_Hornbill\great_hornbill_041.jpg,train
train\Great_Hornbill\Great_Hornbill_0029.jpg,Great_Hornbill,data\raw\Great_Hornbill\great_hornbill_009.jpg,train
train\Great_Hornbill\Great_Hornbill_0030.jpg,Great_Hornbill,data\raw\Great_Hornbill\great_hornbill_014.jpg,train
train\Great_Hornbill\Great_Hornbill_0031.jpg,Great_Hornbill,data\raw\Great_Hornbill\great_hornbill_025.jpg,train
train\Great_Hornbill\Great_Hornbill_0032.jpg,Great_Hornbill,data\raw\Great_Hornbill\great_hornbill_004.jpg,train
train\Great_Hornbill\Great_Hornbill_0033.jpg,Great_Hornbill,data\raw\Great_Hornbill\great_hornbill_018.jpg,train
train\Great_Hornbill\Great_Hornbill_0034.jpg,Great_Hornbill,data\raw\Great_Hornbill\great_hornbill_039.jpg,train
train\Great_Hornbill\Great_Hornbill_0035.jpg,Great_Hornbill,data\raw\Great_Hornbill\great_hornbill_058.jpg,train
train\Great_Hornbill\Great_Hornbill_0036.jpg,Great_Hornbill,data\raw\Great_Hornbill\great_hornbill_007.jpg,train
train\Great_Hornbill\Great_Hornbill_0037.jpg,Great_Hornbill,data\raw\Great_Hornbill\great_hornbill_018.jpg,train
train\Great_Hornbill\Great_Hornbill_0038.jpg,Great_Hornbill,data\raw\Great_Hornbill\great_hornbill_052.jpg,train
train\Great_Hornbill\Great_Hornbill_0039.jpg,Great_Hornbill,data\raw\Great_Hornbill\great_hornbill_035.jpg,train
train\Great_Hornbill\Great_Hornbill_0040.jpg,Great_Hornbill,data\raw\Great_Hornbill\great_hornbill_055.jpg,train
train\Great_Hornbill\Great_Hornbill_0041.jpg,Great_Hornbill,data\raw\Great_Hornbill\great_hornbill_051.jpg,train
train\Great_Hornbill\Great_Hornbill_0042.jpg,Great_Hornbill,data\raw\Great_Hornbill\great_hornbill_021.jpg,train
train\Great_Hornbill\Great_Hornbill_0043.jpg,Great_Hornbill,data\raw\Great_Hornbill\great_hornbill_047.jpg,train
train\Great_Hornbill\Great_Hornbill_0044.jpg,Great_Hornbill,data\raw\Great_Hornbill\great_hornbill_022.jpg,train
train\Great_Hornbill\Great_Hornbill_0045.jpg,Great_Hornbill,data\raw\Great_Hornbill\great_hornbill_002.jpg,train
train\Great_Hornbill\Great_Hornbill_0046.jpg,Great_Hornbill,data\raw\Great_Hornbill\great_hornbill_057.jpg,train
train\Great_Hornbill\Great_Hornbill_0047.jpg,Great_Hornbill,data\raw\Great_Hornbill\great_hornbill_020.jpg,train
train\Great_Hornbill\Great_Hornbill_0048.jpg,Great_Hornbill,data\raw\Great_Hornbill\great_hornbill_034.jpg,train
train\Great_Hornbill\Great_Hornbill_0049.jpg,Great_Hornbill,data\raw\Great_Hornbill\great_hornbill_042.jpg,train
train\Great_Hornbill\Great_Hornbill_0050.jpg,Great_Hornbill,data\raw\Great_Hornbill\great_hornbill_059.jpg,train
train\Great_Hornbill\Great_Hornbill_0051.jpg,Great_Hornbill,data\raw\Great_Hornbill\great_hornbill_049.jpg,train
train\Great_Hornbill\Great_Hornbill_0052.jpg,Great_Hornbill,data\raw\Great_Hornbill\great_hornbill_042.jpg,train
train\Great_Hornbill\Great_Hornbill_0053.jpg,Great_Hornbill,data\raw\Great_Hornbill\great_hornbill_058.jpg,train
train\Great_Hornbill\Great_Hornbill_0054.jpg,Great_Hornbill,data\raw\Great_Hornbill\great_hornbill_016.jpg,train
train\Great_Hornbill\Great_Hornbill_0055.jpg,Great_Hornbill,data\raw\Great_Hornbill\great_hornbill_033.jpg,train
train\Great_Hornbill\Great_Hornbill_0056.jpg,Great_Hornbill,data\raw\Great_Hornbill\great_hornbill_053.jpg,train
train\Great_Hornbill\Great_Hornbill_0057.jpg,Great_Hornbill,data\raw\Great_Hornbill\great_hornbill_060.jpg,train
train\Great_Hornbill\Great_Hornbill_0058.jpg,Great_Hornbill,data\raw\Great_Hornbill\great_hornbill_004.jpg,train
train\Great_Hornbill\Great_Hornbill_0059.jpg,Great_Hornbill,data\raw\Great_Hornbill\great_hornbill_046.jpg,train
train\Great_Hornbill\Great_Hornbill_0060.jpg,Great_Hornbill,data\raw\Great_Hornbill\great_hornbill_038.jpg,train
train\Great_Hornbill\Great_Hornbill_0061.jpg,Great_Hornbill,data\raw\Great_Hornbill\great_hornbill_030.jpg,train
train\Great_Hornbill\Great_Hornbill_0062.jpg,Great_Hornbill,data\raw\Great_Hornbill\great_hornbill_056.jpg,train
train\Great_Hornbill\Great_Hornbill_0063.jpg,Great_Hornbill,data\raw\Great_Hornbill\great_hornbill_002.jpg,train
train\Great_Hornbill\Great_Hornbill_0064.jpg,Great_Hornbill,data\raw\Great_Hornbill\great_hornbill_053.jpg,train
train\Great_Hornbill\Great_Hornbill_0065.jpg,Great_Hornbill,data\raw\Great_Hornbill\great_hornbill_022.jpg,train
train\Great_Hornbill\Great_Hornbill_0066.jpg,Great_Hornbill,data\raw\Great_Hornbill\great_hornbill_003.jpg,train
train\Great_Hornbill\Great_Hornbill_0067.jpg,Great_Hornbill,data\raw\Great_Hornbill\great_hornbill_024.jpg,train
train\Great_Hornbill\Great_Hornbill_0068.jpg,Great_Hornbill,data\raw\Great_Hornbill\great_hornbill_044.jpg,train
train\Great_Hornbill\Great_Hornbill_0069.jpg,Great_Hornbill,data\raw\Great_Hornbill\great_hornbill_040.jpg,train
train\Great_Hornbill\Great_Hornbill_0070.jpg,Great_Hornbill,data\raw\Great_Hornbill\great_hornbill_028.jpg,train
train\Great_Hornbill\Great_Hornbill_0071.jpg,Great_Hornbill,data\raw\Great_Hornbill\great_hornbill_049.jpg,train
train\Great_Hornbill\Great_Hornbill_0072.jpg,Great_Hornbill,data\raw\Great_Hornbill\great_hornbill_015.jpg,train
train\Great_Hornbill\Great_Hornbill_0073.jpg,Great_Hornbill,data\raw\Great_Hornbill\great_hornbill_027.jpg,train
train\Great_Hornbill\Great_Hornbill_0074.jpg,Great_Hornbill,data\raw\Great_Hornbill\great_hornbill_023.jpg,train
train\Great_Hornbill\Great_Hornbill_0075.jpg,Great_Hornbill,data\raw\Great_Hornbill\great_hornbill_060.jpg,train
train\Great_Hornbill\Great_Hornbill_0076.jpg,Great_Hornbill,data\raw\Great_Hornbill\great_hornbill_021.jpg,train
train\Great_Hornbill\Great_Hornbill_0077.jpg,Great_Hornbill,data\raw\Great_Hornbill\great_hornbill_001.jpg,train
train\Great_Hornbill\Great_Hornbill_0078.jpg,Great_Hornbill,data\raw\Great_Hornbill\great_hornbill_012.jpg,train
train\Great_Hornbill\Great_Hornbill_0079.jpg,Great_Hornbill,data\raw\Great_Hornbill\great_hornbill_047.jpg,train
train\Great_Hornbill\Great_Hornbill_0080.jpg,Great_Hornbill,data\raw\Great_Hornbill\great_hornbill_015.jpg,train
train\Great_Hornbill\Great_Hornbill_0081.jpg,Great_Hornbill,data\raw\Great_Hornbill\great_hornbill_033.jpg,train
train\Great_Hornbill\Great_Hornbill_0082.jpg,Great_Hornbill,data\raw\Great_Hornbill\great_hornbill_052.jpg,train
train\Great_Hornbill\Great_Hornbill_0083.jpg,Great_Hornbill,data\raw\Great_Hornbill\great_hornbill_043.jpg,train
train\Indian_Elephant\Indian_Elephant_0000.jpg,Indian_Elephant,data\raw\Indian_Elephant\indian_elephant_031.jpg,train
train\Indian_Elephant\Indian_Elephant_0001.jpg,Indian_Elephant,data\raw\Indian_Elephant\indian_elephant_054.jpg,train
train\Indian_Elephant\Indian_Elephant_0002.jpg,Indian_Elephant,data\raw\Indian_Elephant\indian_elephant_059.jpg,train
train\Indian_Elephant\Indian_Elephant_0003.jpg,Indian_Elephant,data\raw\Indian_Elephant\indian_elephant_010.jpg,train
train\Indian_Elephant\Indian_Elephant_0004.jpg,Indian_Elephant,data\raw\Indian_Elephant\indian_elephant_034.jpg,train
train\Indian_Elephant\Indian_Elephant_0005.jpg,Indian_Elephant,data\raw\Indian_Elephant\indian_elephant_026.jpg,train
train\Indian_Elephant\Indian_Elephant_0006.jpg,Indian_Elephant,data\raw\Indian_Elephant\indian_elephant_010.jpg,train
train\Indian_Elephant\Indian_Elephant_0007.jpg,Indian_Elephant,data\raw\Indian_Elephant\indian_elephant_029.jpg,train
train\Indian_Elephant\Indian_Elephant_0008.jpg,Indian_Elephant,data\raw\Indian_Elephant\indian_elephant_039.jpg,train
train\Indian_Elephant\Indian_Elephant_0009.jpg,Indian_Elephant,data\raw\Indian_Elephant\indian_elephant_026.jpg,train
train\Indian_Elephant\Indian_Elephant_0010.jpg,Indian_Elephant,data\raw\Indian_Elephant\indian_elephant_006.jpg,train
train\Indian_Elephant\Indian_Elephant_0011.jpg,Indian_Elephant,data\raw\Indian_Elephant\indian_elephant_031.jpg,train
train\Indian_Elephant\Indian_Elephant_0012.jpg,Indian_Elephant,data\raw\Indian_Elephant\indian_elephant_009.jpg,train
train\Indian_Elephant\Indian_Elephant_0013.jpg,Indian_Elephant,data\raw\Indian_Elephant\indian_elephant_040.jpg,train
train\Indian_Elephant\Indian_Elephant_0014.jpg,Indian_Elephant,data\raw\Indian_Elephant\indian_elephant_050.jpg,train
train\Indian_Elephant\Indian_Elephant_0015.jpg,Indian_Elephant,data\raw\Indian_Elephant\indian_elephant_036.jpg,train
train\Indian_Elephant\Indian_Elephant_0016.jpg,Indian_Elephant,data\raw\Indian_Elephant\indian_elephant_017.jpg,train
train\Indian_Elephant\Indian_Elephant_0017.jpg,Indian_Elephant,data\raw\Indian_Elephant\indian_elephant_007.jpg,train
train\Indian_Elephant\Indian_Elephant_0018.jpg,Indian_Elephant,data\raw\Indian_Elephant\indian_elephant_035.jpg,train
train\Indian_Elephant\Indian_Elephant_0019.jpg,Indian_Elephant,data\raw\Indian_Elephant\indian_elephant_054.jpg,train
train\Indian_Elephant\Indian_Elephant_0020.jpg,Indian_Elephant,data\raw\Indian_Elephant\indian_elephant_008.jpg,train
train\Indian_Elephant\Indian_Elephant_0021.jpg,Indian_Elephant,data\raw\Indian_Elephant\indian_elephant_044.jpg,train
train\Indian_Elephant\Indian_Elephant_0022.jpg,Indian_Elephant,data\raw\Indian_Elephant\indian_elephant_013.jpg,train
train\Indian_Elephant\Indian_Elephant_0023.jpg,Indian_Elephant,data\raw\Indian_Elephant\indian_elephant_008.jpg,train
train\Indian_Elephant\Indian_Elephant_0024.jpg,Indian_Elephant,data\raw\Indian_Elephant\indian_elephant_024.jpg,train
train\Indian_Elephant\Indian_Elephant_0025.jpg,Indian_Elephant,data\raw\Indian_Elephant\indian_elephant_028.jpg,train
train\Indian_Elephant\Indian_Elephant_0026.jpg,Indian_Elephant,data\raw\Indian_Elephant\indian_elephant_020.jpg,train
train\Indian_Elephant\Indian_Elephant_0027.jpg,Indian_Elephant,data\raw\Indian_Elephant\indian_elephant_036.jpg,train
train\Indian_Elephant\Indian_Elephant_0028.jpg,Indian_Elephant,data\raw\Indian_Elephant\indian_elephant_041.jpg,train
train\Indian_Elephant\Indian_Elephant_0029.jpg,Indian_Elephant,data\raw\Indian_Elephant\indian_elephant_009.jpg,train
train\Indian_Elephant\Indian_Elephant_0030.jpg,Indian_Elephant,data\raw\Indian_Elephant\indian_elephant_014.jpg,train
train\Indian_Elephant\Indian_Elephant_0031.jpg,Indian_Elephant,data\raw\Indian_Elephant\indian_elephant_025.jpg,train
train\Indian_Elephant\Indian_Elephant_0032.jpg,Indian_Elephant,data\raw\Indian_Elephant\indian_elephant_004.jpg,train
train\Indian_Elephant\Indian_Elephant_0033.jpg,Indian_Elephant,data\raw\Indian_Elephant\indian_elephant_018.jpg,train
train\Indian_Elephant\Indian_Elephant_0034.jpg,Indian_Elephant,data\raw\Indian_Elephant\indian_elephant_039.jpg,train
train\Indian_Elephant\Indian_Elephant_0035.jpg,Indian_Elephant,data\raw\Indian_Elephant\indian_elephant_058.jpg,train
train\Indian_Elephant\Indian_Elephant_0036.jpg,Indian_Elephant,data\raw\Indian_Elephant\indian_elephant_007.jpg,train
train\Indian_Elephant\Indian_Elephant_0037.jpg,Indian_Elephant,data\raw\Indian_Elephant\indian_elephant_018.jpg,train
train\Indian_Elephant\Indian_Elephant_0038.jpg,Indian_Elephant,data\raw\Indian_Elephant\indian_elephant_052.jpg,train
train\Indian_Elephant\Indian_Elephant_0039.jpg,Indian_Elephant,data\raw\Indian_Elephant\indian_elephant_035.jpg,train
train\Indian_Elephant\Indian_Elephant_0040.jpg,Indian_Elephant,data\raw\Indian_Elephant\indian_elephant_055.jpg,train
train\Indian_Elephant\Indian_Elephant_0041.jpg,Indian_Elephant,data\raw\Indian_Elephant\indian_elephant_051.jpg,train
train\Indian_Elephant\Indian_Elephant_0042.jpg,Indian_Elephant,data\raw\Indian_Elephant\indian_elephant_021.jpg,train
train\Indian_Elephant\Indian_Elephant_0043.jpg,Indian_Elephant,data\raw\Indian_Elephant\indian_elephant_047.jpg,train
train\Indian_Elephant\Indian_Elephant_0044.jpg,Indian_Elephant,data\raw\Indian_Elephant\indian_elephant_022.jpg,train
train\Indian_Elephant\Indian_Elephant_0045.jpg,Indian_Elephant,data\raw\Indian_Elephant\indian_elephant_002.jpg,train
train\Indian_Elephant\Indian_Elephant_0046.jpg,Indian_Elephant,data\raw\Indian_Elephant\indian_elephant_057.jpg,train
train\Indian_Elephant\Indian_Elephant_0047.jpg,Indian_Elephant,data\raw\Indian_Elephant\indian_elephant_020.jpg,train
train\Indian_Elephant\Indian_Elephant_0048.jpg,Indian_Elephant,data\raw\Indian_Elephant\indian_elephant_034.jpg,train
train\Indian_Elephant\Indian_Elephant_0049.jpg,Indian_Elephant,data\raw\Indian_Elephant\indian_elephant_042.jpg,train
train\Indian_Elephant\Indian_Elephant_0050.jpg,Indian_Elephant,data\raw\Indian_Elephant\indian_elephant_059.jpg,train
train\Indian_Elephant\Indian_Elephant_0051.jpg,Indian_Elephant,data\raw\Indian_Elephant\indian_elephant_049.jpg,train
train\Indian_Elephant\Indian_Elephant_0052.jpg,Indian_Elephant,data\raw\Indian_Elephant\indian_elephant_042.jpg,train
train\Indian_Elephant\Indian_Elephant_0053.jpg,Indian_Elephant,data\raw\Indian_Elephant\indian_elephant_058.jpg,train
train\Indian_Elephant\Indian_Elephant_0054.jpg,Indian_Elephant,data\raw\Indian_Elephant\indian_elephant_016.jpg,train
train\Indian_Elephant\Indian_Elephant_0055.jpg,Indian_Elephant,data\raw\Indian_Elephant\indian_elephant_033.jpg,train
train\Indian_Elephant\Indian_Elephant_0056.jpg,Indian_Elephant,data\raw\Indian_Elephant\indian_elephant_053.jpg,train
train\Indian_Elephant\Indian_Elephant_0057.jpg,Indian_Elephant,data\raw\Indian_Elephant\indian_elephant_060.jpg,train
train\Indian_Elephant\Indian_Elephant_0058.jpg,Indian_Elephant,data\raw\Indian_Elephant\indian_elephant_004.jpg,train
train\Indian_Elephant\Indian_Elephant_0059.jpg,Indian_Elephant,data\raw\Indian_Elephant\indian_elephant_046.jpg,train
train\Indian_Elephant\Indian_Elephant_0060.jpg,Indian_Elephant,data\raw\Indian_Elephant\indian_elephant_038.jpg,train
train\Indian_Elephant\Indian_Elephant_0061.jpg,Indian_Elephant,data\raw\Indian_Elephant\indian_elephant_030.jpg,train
train\Indian_Elephant\Indian_Elephant_0062.jpg,Indian_Elephant,data\raw\Indian_Elephant\indian_elephant_056.jpg,train
train\Indian_Elephant\Indian_Elephant_0063.jpg,Indian_Elephant,data\raw\Indian_Elephant\indian_elephant_002.jpg,train
train\Indian_Elephant\Indian_Elephant_0064.jpg,Indian_Elephant,data\raw\Indian_Elephant\indian_elephant_053.jpg,train
train\Indian_Elephant\Indian_Elephant_0065.jpg,Indian_Elephant,data\raw\Indian_Elephant\indian_elephant_022.jpg,train
train\Indian_Elephant\Indian_Elephant_0066.jpg,Indian_Elephant,data\raw\Indian_Elephant\indian_elephant_003.jpg,train
train\Indian_Elephant\Indian_Elephant_0067.jpg,Indian_Elephant,data\raw\Indian_Elephant\indian_elephant_024.jpg,train
train\Indian_Elephant\Indian_Elephant_0068.jpg,Indian_Elephant,data\raw\Indian_Elephant\indian_elephant_044.jpg,train
train\Indian_Elephant\Indian_Elephant_0069.jpg,Indian_Elephant,data\raw\Indian_Elephant\indian_elephant_040.jpg,train
train\Indian_Elephant\Indian_Elephant_0070.jpg,Indian_Elephant,data\raw\Indian_Elephant\indian_elephant_028.jpg,train
train\Indian_Elephant\Indian_Elephant_0071.jpg,Indian_Elephant,data\raw\Indian_Elephant\indian_elephant_049.jpg,train
train\Indian_Elephant\Indian_Elephant_0072.jpg,Indian_Elephant,data\raw\Indian_Elephant\indian_elephant_015.jpg,train
train\Indian_Elephant\Indian_Elephant_0073.jpg,Indian_Elephant,data\raw\Indian_Elephant\indian_elephant_027.jpg,train
train\Indian_Elephant\Indian_Elephant_0074.jpg,Indian_Elephant,data\raw\Indian_Elephant\indian_elephant_023.jpg,train
train\Indian_Elephant\Indian_Elephant_0075.jpg,Indian_Elephant,data\raw\Indian_Elephant\indian_elephant_060.jpg,train
train\Indian_Elephant\Indian_Elephant_0076.jpg,Indian_Elephant,data\raw\Indian_Elephant\indian_elephant_021.jpg,train
train\Indian_Elephant\Indian_Elephant_0077.jpg,Indian_Elephant,data\raw\Indian_Elephant\indian_elephant_001.jpg,train
train\Indian_Elephant\Indian_Elephant_0078.jpg,Indian_Elephant,data\raw\Indian_Elephant\indian_elephant_012.jpg,train
train\Indian_Elephant\Indian_Elephant_0079.jpg,Indian_Elephant,data\raw\Indian_Elephant\indian_elephant_047.jpg,train
train\Indian_Elephant\Indian_Elephant_0080.jpg,Indian_Elephant,data\raw\Indian_Elephant\indian_elephant_015.jpg,train
train\Indian_Elephant\Indian_Elephant_0081.jpg,Indian_Elephant,data\raw\Indian_Elephant\indian_elephant_033.jpg,train
train\Indian_Elephant\Indian_Elephant_0082.jpg,Indian_Elephant,data\raw\Indian_Elephant\indian_elephant_052.jpg,train
train\Indian_Elephant\Indian_Elephant_0083.jpg,Indian_Elephant,data\raw\Indian_Elephant\indian_elephant_043.jpg,train
train\Indian_Peafowl\Indian_Peafowl_0000.jpg,Indian_Peafowl,data\raw\Indian_Peafowl\indian_peafowl_031.jpg,train
train\Indian_Peafowl\Indian_Peafowl_0001.jpg,Indian_Peafowl,data\raw\Indian_Peafowl\indian_peafowl_054.jpg,train
train\Indian_Peafowl\Indian_Peafowl_0002.jpg,Indian_Peafowl,data\raw\Indian_Peafowl\indian_peafowl_059.jpg,train
train\Indian_Peafowl\Indian_Peafowl_0003.jpg,Indian_Peafowl,data\raw\Indian_Peafowl\indian_peafowl_010.jpg,train
train\Indian_Peafowl\Indian_Peafowl_0004.jpg,Indian_Peafowl,data\raw\Indian_Peafowl\indian_peafowl_034.jpg,train
train\Indian_Peafowl\Indian_Peafowl_0005.jpg,Indian_Peafowl,data\raw\Indian_Peafowl\indian_peafowl_026.jpg,train
train\Indian_Peafowl\Indian_Peafowl_0006.jpg,Indian_Peafowl,data\raw\Indian_Peafowl\indian_peafowl_010.jpg,train
train\Indian_Peafowl\Indian_Peafowl_0007.jpg,Indian_Peafowl,data\raw\Indian_Peafowl\indian_peafowl_029.jpg,train
train\Indian_Peafowl\Indian_Peafowl_0008.jpg,Indian_Peafowl,data\raw\Indian_Peafowl\indian_peafowl_039.jpg,train
train\Indian_Peafowl\Indian_Peafowl_0009.jpg,Indian_Peafowl,data\raw\Indian_Peafowl\indian_peafowl_026.jpg,train
train\Indian_Peafowl\Indian_Peafowl_0010.jpg,Indian_Peafowl,data\raw\Indian_Peafowl\indian_peafowl_006.jpg,train
train\Indian_Peafowl\Indian_Peafowl_0011.jpg,Indian_Peafowl,data\raw\Indian_Peafowl\indian_peafowl_031.jpg,train
train\Indian_Peafowl\Indian_Peafowl_0012.jpg,Indian_Peafowl,data\raw\Indian_Peafowl\indian_peafowl_009.jpg,train
train\Indian_Peafowl\Indian_Peafowl_0013.jpg,Indian_Peafowl,data\raw\Indian_Peafowl\indian_peafowl_040.jpg,train
train\Indian_Peafowl\Indian_Peafowl_0014.jpg,Indian_Peafowl,data\raw\Indian_Peafowl\indian_peafowl_050.jpg,train
train\Indian_Peafowl\Indian_Peafowl_0015.jpg,Indian_Peafowl,data\raw\Indian_Peafowl\indian_peafowl_036.jpg,train
train\Indian_Peafowl\Indian_Peafowl_0016.jpg,Indian_Peafowl,data\raw\Indian_Peafowl\indian_peafowl_017.jpg,train
train\Indian_Peafowl\Indian_Peafowl_0017.jpg,Indian_Peafowl,data\raw\Indian_Peafowl\indian_peafowl_007.jpg,train
train\Indian_Peafowl\Indian_Peafowl_0018.jpg,Indian_Peafowl,data\raw\Indian_Peafowl\indian_peafowl_035.jpg,train
train\Indian_Peafowl\Indian_Peafowl_0019.jpg,Indian_Peafowl,data\raw\Indian_Peafowl\indian_peafowl_054.jpg,train
train\Indian_Peafowl\Indian_Peafowl_0020.jpg,Indian_Peafowl,data\raw\Indian_Peafowl\indian_peafowl_008.jpg,train
train\Indian_Peafowl\Indian_Peafowl_0021.jpg,Indian_Peafowl,data\raw\Indian_Peafowl\indian_peafowl_044.jpg,train
train\Indian_Peafowl\Indian_Peafowl_0022.jpg,Indian_Peafowl,data\raw\Indian_Peafowl\indian_peafowl_013.jpg,train
train\Indian_Peafowl\Indian_Peafowl_0023.jpg,Indian_Peafowl,data\raw\Indian_Peafowl\indian_peafowl_008.jpg,train
train\Indian_Peafowl\Indian_Peafowl_0024.jpg,Indian_Peafowl,data\raw\Indian_Peafowl\indian_peafowl_024.jpg,train
train\Indian_Peafowl\Indian_Peafowl_0025.jpg,Indian_Peafowl,data\raw\Indian_Peafowl\indian_peafowl_028.jpg,train
train\Indian_Peafowl\Indian_Peafowl_0026.jpg,Indian_Peafowl,data\raw\Indian_Peafowl\indian_peafowl_020.jpg,train
train\Indian_Peafowl\Indian_Peafowl_0027.jpg,Indian_Peafowl,data\raw\Indian_Peafowl\indian_peafowl_036.jpg,train
train\Indian_Peafowl\Indian_Peafowl_0028.jpg,Indian_Peafowl,data\raw\Indian_Peafowl\indian_peafowl_041.jpg,train
train\Indian_Peafowl\Indian_Peafowl_0029.jpg,Indian_Peafowl,data\raw\Indian_Peafowl\indian_peafowl_009.jpg,train
train\Indian_Peafowl\Indian_Peafowl_0030.jpg,Indian_Peafowl,data\raw\Indian_Peafowl\indian_peafowl_014.jpg,train
train\Indian_Peafowl\Indian_Peafowl_0031.jpg,Indian_Peafowl,data\raw\Indian_Peafowl\indian_peafowl_025.jpg,train
train\Indian_Peafowl\Indian_Peafowl_0032.jpg,Indian_Peafowl,data\raw\Indian_Peafowl\indian_peafowl_004.jpg,train
train\Indian_Peafowl\Indian_Peafowl_0033.jpg,Indian_Peafowl,data\raw\Indian_Peafowl\indian_peafowl_018.jpg,train
train\Indian_Peafowl\Indian_Peafowl_0034.jpg,Indian_Peafowl,data\raw\Indian_Peafowl\indian_peafowl_039.jpg,train
train\Indian_Peafowl\Indian_Peafowl_0035.jpg,Indian_Peafowl,data\raw\Indian_Peafowl\indian_peafowl_058.jpg,train
train\Indian_Peafowl\Indian_Peafowl_0036.jpg,Indian_Peafowl,data\raw\Indian_Peafowl\indian_peafowl_007.jpg,train
train\Indian_Peafowl\Indian_Peafowl_0037.jpg,Indian_Peafowl,data\raw\Indian_Peafowl\indian_peafowl_018.jpg,train
train\Indian_Peafowl\Indian_Peafowl_0038.jpg,Indian_Peafowl,data\raw\Indian_Peafowl\indian_peafowl_052.jpg,train
train\Indian_Peafowl\Indian_Peafowl_0039.jpg,Indian_Peafowl,data\raw\Indian_Peafowl\indian_peafowl_035.jpg,train
train\Indian_Peafowl\Indian_Peafowl_0040.jpg,Indian_Peafowl,data\raw\Indian_Peafowl\indian_peafowl_055.jpg,train
train\Indian_Peafowl\Indian_Peafowl_0041.jpg,Indian_Peafowl,data\raw\Indian_Peafowl\indian_peafowl_051.jpg,train
train\Indian_Peafowl\Indian_Peafowl_0042.jpg,Indian_Peafowl,data\raw\Indian_Peafowl\indian_peafowl_021.jpg,train
train\Indian_Peafowl\Indian_Peafowl_0043.jpg,Indian_Peafowl,data\raw\Indian_Peafowl\indian_peafowl_047.jpg,train
train\Indian_Peafowl\Indian_Peafowl_0044.jpg,Indian_Peafowl,data\raw\Indian_Peafowl\indian_peafowl_022.jpg,train
train\Indian_Peafowl\Indian_Peafowl_0045.jpg,Indian_Peafowl,data\raw\Indian_Peafowl\indian_peafowl_002.jpg,train
train\Indian_Peafowl\Indian_Peafowl_0046.jpg,Indian_Peafowl,data\raw\Indian_Peafowl\indian_peafowl_057.jpg,train
train\Indian_Peafowl\Indian_Peafowl_0047.jpg,Indian_Peafowl,data\raw\Indian_Peafowl\indian_peafowl_020.jpg,train
train\Indian_Peafowl\Indian_Peafowl_0048.jpg,Indian_Peafowl,data\raw\Indian_Peafowl\indian_peafowl_034.jpg,train
train\Indian_Peafowl\Indian_Peafowl_0049.jpg,Indian_Peafowl,data\raw\Indian_Peafowl\indian_peafowl_042.jpg,train
train\Indian_Peafowl\Indian_Peafowl_0050.jpg,Indian_Peafowl,data\raw\Indian_Peafowl\indian_peafowl_059.jpg,train
train\Indian_Peafowl\Indian_Peafowl_0051.jpg,Indian_Peafowl,data\raw\Indian_Peafowl\indian_peafowl_049.jpg,train
train\Indian_Peafowl\Indian_Peafowl_0052.jpg,Indian_Peafowl,data\raw\Indian_Peafowl\indian_peafowl_042.jpg,train
train\Indian_Peafowl\Indian_Peafowl_0053.jpg,Indian_Peafowl,data\raw\Indian_Peafowl\indian_peafowl_058.jpg,train
train\Indian_Peafowl\Indian_Peafowl_0054.jpg,Indian_Peafowl,data\raw\Indian_Peafowl\indian_peafowl_016.jpg,train
train\Indian_Peafowl\Indian_Peafowl_0055.jpg,Indian_Peafowl,data\raw\Indian_Peafowl\indian_peafowl_033.jpg,train
train\Indian_Peafowl\Indian_Peafowl_0056.jpg,Indian_Peafowl,data\raw\Indian_Peafowl\indian_peafowl_053.jpg,train
train\Indian_Peafowl\Indian_Peafowl_0057.jpg,Indian_Peafowl,data\raw\Indian_Peafowl\indian_peafowl_060.jpg,train
train\Indian_Peafowl\Indian_Peafowl_0058.jpg,Indian_Peafowl,data\raw\Indian_Peafowl\indian_peafowl_004.jpg,train
train\Indian_Peafowl\Indian_Peafowl_0059.jpg,Indian_Peafowl,data\raw\Indian_Peafowl\indian_peafowl_046.jpg,train
train\Indian_Peafowl\Indian_Peafowl_0060.jpg,Indian_Peafowl,data\raw\Indian_Peafowl\indian_peafowl_038.jpg,train
train\Indian_Peafowl\Indian_Peafowl_0061.jpg,Indian_Peafowl,data\raw\Indian_Peafowl\indian_peafowl_030.jpg,train
train\Indian_Peafowl\Indian_Peafowl_0062.jpg,Indian_Peafowl,data\raw\Indian_Peafowl\indian_peafowl_056.jpg,train
train\Indian_Peafowl\Indian_Peafowl_0063.jpg,Indian_Peafowl,data\raw\Indian_Peafowl\indian_peafowl_002.jpg,train
train\Indian_Peafowl\Indian_Peafowl_0064.jpg,Indian_Peafowl,data\raw\Indian_Peafowl\indian_peafowl_053.jpg,train
train\Indian_Peafowl\Indian_Peafowl_0065.jpg,Indian_Peafowl,data\raw\Indian_Peafowl\indian_peafowl_022.jpg,train
train\Indian_Peafowl\Indian_Peafowl_0066.jpg,Indian_Peafowl,data\raw\Indian_Peafowl\indian_peafowl_003.jpg,train
train\Indian_Peafowl\Indian_Peafowl_0067.jpg,Indian_Peafowl,data\raw\Indian_Peafowl\indian_peafowl_024.jpg,train
train\Indian_Peafowl\Indian_Peafowl_0068.jpg,Indian_Peafowl,data\raw\Indian_Peafowl\indian_peafowl_044.jpg,train
train\Indian_Peafowl\Indian_Peafowl_0069.jpg,Indian_Peafowl,data\raw\Indian_Peafowl\indian_peafowl_040.jpg,train
train\Indian_Peafowl\Indian_Peafowl_0070.jpg,Indian_Peafowl,data\raw\Indian_Peafowl\indian_peafowl_028.jpg,train
train\Indian_Peafowl\Indian_Peafowl_0071.jpg,Indian_Peafowl,data\raw\Indian_Peafowl\indian_peafowl_049.jpg,train
train\Indian_Peafowl\Indian_Peafowl_0072.jpg,Indian_Peafowl,data\raw\Indian_Peafowl\indian_peafowl_015.jpg,train
train\Indian_Peafowl\Indian_Peafowl_0073.jpg,Indian_Peafowl,data\raw\Indian_Peafowl\indian_peafowl_027.jpg,train
train\Indian_Peafowl\Indian_Peafowl_0074.jpg,Indian_Peafowl,data\raw\Indian_Peafowl\indian_peafowl_023.jpg,train
train\Indian_Peafowl\Indian_Peafowl_0075.jpg,Indian_Peafowl,data\raw\Indian_Peafowl\indian_peafowl_060.jpg,train
train\Indian_Peafowl\Indian_Peafowl_0076.jpg,Indian_Peafowl,data\raw\Indian_Peafowl\indian_peafowl_021.jpg,train
train\Indian_Peafowl\Indian_Peafowl_0077.jpg,Indian_Peafowl,data\raw\Indian_Peafowl\indian_peafowl_001.jpg,train
train\Indian_Peafowl\Indian_Peafowl_0078.jpg,Indian_Peafowl,data\raw\Indian_Peafowl\indian_peafowl_012.jpg,train
train\Indian_Peafowl\Indian_Peafowl_0079.jpg,Indian_Peafowl,data\raw\Indian_Peafowl\indian_peafowl_047.jpg,train
train\Indian_Peafowl\Indian_Peafowl_0080.jpg,Indian_Peafowl,data\raw\Indian_Peafowl\indian_peafowl_015.jpg,train
train\Indian_Peafowl\Indian_Peafowl_0081.jpg,Indian_Peafowl,data\raw\Indian_Peafowl\indian_peafowl_033.jpg,train
train\Indian_Peafowl\Indian_Peafowl_0082.jpg,Indian_Peafowl,data\raw\Indian_Peafowl\indian_peafowl_052.jpg,train
train\Indian_Peafowl\Indian_Peafowl_0083.jpg,Indian_Peafowl,data\raw\Indian_Peafowl\indian_peafowl_043.jpg,train
train\Indian_Rhinoceros\Indian_Rhinoceros_0000.jpg,Indian_Rhinoceros,data\raw\Indian_Rhinoceros\indian_rhinoceros_031.jpg,train
train\Indian_Rhinoceros\Indian_Rhinoceros_0001.jpg,Indian_Rhinoceros,data\raw\Indian_Rhinoceros\indian_rhinoceros_054.jpg,train
train\Indian_Rhinoceros\Indian_Rhinoceros_0002.jpg,Indian_Rhinoceros,data\raw\Indian_Rhinoceros\indian_rhinoceros_059.jpg,train
train\Indian_Rhinoceros\Indian_Rhinoceros_0003.jpg,Indian_Rhinoceros,data\raw\Indian_Rhinoceros\indian_rhinoceros_010.jpg,train
train\Indian_Rhinoceros\Indian_Rhinoceros_0004.jpg,Indian_Rhinoceros,data\raw\Indian_Rhinoceros\indian_rhinoceros_034.jpg,train
train\Indian_Rhinoceros\Indian_Rhinoceros_0005.jpg,Indian_Rhinoceros,data\raw\Indian_Rhinoceros\indian_rhinoceros_026.jpg,train
train\Indian_Rhinoceros\Indian_Rhinoceros_0006.jpg,Indian_Rhinoceros,data\raw\Indian_Rhinoceros\indian_rhinoceros_010.jpg,train
train\Indian_Rhinoceros\Indian_Rhinoceros_0007.jpg,Indian_Rhinoceros,data\raw\Indian_Rhinoceros\indian_rhinoceros_029.jpg,train
train\Indian_Rhinoceros\Indian_Rhinoceros_0008.jpg,Indian_Rhinoceros,data\raw\Indian_Rhinoceros\indian_rhinoceros_039.jpg,train
train\Indian_Rhinoceros\Indian_Rhinoceros_0009.jpg,Indian_Rhinoceros,data\raw\Indian_Rhinoceros\indian_rhinoceros_026.jpg,train
train\Indian_Rhinoceros\Indian_Rhinoceros_0010.jpg,Indian_Rhinoceros,data\raw\Indian_Rhinoceros\indian_rhinoceros_006.jpg,train
train\Indian_Rhinoceros\Indian_Rhinoceros_0011.jpg,Indian_Rhinoceros,data\raw\Indian_Rhinoceros\indian_rhinoceros_031.jpg,train
train\Indian_Rhinoceros\Indian_Rhinoceros_0012.jpg,Indian_Rhinoceros,data\raw\Indian_Rhinoceros\indian_rhinoceros_009.jpg,train
train\Indian_Rhinoceros\Indian_Rhinoceros_0013.jpg,Indian_Rhinoceros,data\raw\Indian_Rhinoceros\indian_rhinoceros_040.jpg,train
train\Indian_Rhinoceros\Indian_Rhinoceros_0014.jpg,Indian_Rhinoceros,data\raw\Indian_Rhinoceros\indian_rhinoceros_050.jpg,train
train\Indian_Rhinoceros\Indian_Rhinoceros_0015.jpg,Indian_Rhinoceros,data\raw\Indian_Rhinoceros\indian_rhinoceros_036.jpg,train
train\Indian_Rhinoceros\Indian_Rhinoceros_0016.jpg,Indian_Rhinoceros,data\raw\Indian_Rhinoceros\indian_rhinoceros_017.jpg,train
train\Indian_Rhinoceros\Indian_Rhinoceros_0017.jpg,Indian_Rhinoceros,data\raw\Indian_Rhinoceros\indian_rhinoceros_007.jpg,train
train\Indian_Rhinoceros\Indian_Rhinoceros_0018.jpg,Indian_Rhinoceros,data\raw\Indian_Rhinoceros\indian_rhinoceros_035.jpg,train
train\Indian_Rhinoceros\Indian_Rhinoceros_0019.jpg,Indian_Rhinoceros,data\raw\Indian_Rhinoceros\indian_rhinoceros_054.jpg,train
train\Indian_Rhinoceros\Indian_Rhinoceros_0020.jpg,Indian_Rhinoceros,data\raw\Indian_Rhinoceros\indian_rhinoceros_008.jpg,train
train\Indian_Rhinoceros\Indian_Rhinoceros_0021.jpg,Indian_Rhinoceros,data\raw\Indian_Rhinoceros\indian_rhinoceros_044.jpg,train
train\Indian_Rhinoceros\Indian_Rhinoceros_0022.jpg,Indian_Rhinoceros,data\raw\Indian_Rhinoceros\indian_rhinoceros_013.jpg,train
train\Indian_Rhinoceros\Indian_Rhinoceros_0023.jpg,Indian_Rhinoceros,data\raw\Indian_Rhinoceros\indian_rhinoceros_008.jpg,train
train\Indian_Rhinoceros\Indian_Rhinoceros_0024.jpg,Indian_Rhinoceros,data\raw\Indian_Rhinoceros\indian_rhinoceros_024.jpg,train
train\Indian_Rhinoceros\Indian_Rhinoceros_0025.jpg,Indian_Rhinoceros,data\raw\Indian_Rhinoceros\indian_rhinoceros_028.jpg,train
train\Indian_Rhinoceros\Indian_Rhinoceros_0026.jpg,Indian_Rhinoceros,data\raw\Indian_Rhinoceros\indian_rhinoceros_020.jpg,train
train\Indian_Rhinoceros\Indian_Rhinoceros_0027.jpg,Indian_Rhinoceros,data\raw\Indian_Rhinoceros\indian_rhinoceros_036.jpg,train
train\Indian_Rhinoceros\Indian_Rhinoceros_0028.jpg,Indian_Rhinoceros,data\raw\Indian_Rhinoceros\indian_rhinoceros_041.jpg,train
train\Indian_Rhinoceros\Indian_Rhinoceros_0029.jpg,Indian_Rhinoceros,data\raw\Indian_Rhinoceros\indian_rhinoceros_009.jpg,train
train\Indian_Rhinoceros\Indian_Rhinoceros_0030.jpg,Indian_Rhinoceros,data\raw\Indian_Rhinoceros\indian_rhinoceros_014.jpg,train
train\Indian_Rhinoceros\Indian_Rhinoceros_0031.jpg,Indian_Rhinoceros,data\raw\Indian_Rhinoceros\indian_rhinoceros_025.jpg,train
train\Indian_Rhinoceros\Indian_Rhinoceros_0032.jpg,Indian_Rhinoceros,data\raw\Indian_Rhinoceros\indian_rhinoceros_004.jpg,train
train\Indian_Rhinoceros\Indian_Rhinoceros_0033.jpg,Indian_Rhinoceros,data\raw\Indian_Rhinoceros\indian_rhinoceros_018.jpg,train
train\Indian_Rhinoceros\Indian_Rhinoceros_0034.jpg,Indian_Rhinoceros,data\raw\Indian_Rhinoceros\indian_rhinoceros_039.jpg,train
train\Indian_Rhinoceros\Indian_Rhinoceros_0035.jpg,Indian_Rhinoceros,data\raw\Indian_Rhinoceros\indian_rhinoceros_058.jpg,train
train\Indian_Rhinoceros\Indian_Rhinoceros_0036.jpg,Indian_Rhinoceros,data\raw\Indian_Rhinoceros\indian_rhinoceros_007.jpg,train
train\Indian_Rhinoceros\Indian_Rhinoceros_0037.jpg,Indian_Rhinoceros,data\raw\Indian_Rhinoceros\indian_rhinoceros_018.jpg,train
train\Indian_Rhinoceros\Indian_Rhinoceros_0038.jpg,Indian_Rhinoceros,data\raw\Indian_Rhinoceros\indian_rhinoceros_052.jpg,train
train\Indian_Rhinoceros\Indian_Rhinoceros_0039.jpg,Indian_Rhinoceros,data\raw\Indian_Rhinoceros\indian_rhinoceros_035.jpg,train
train\Indian_Rhinoceros\Indian_Rhinoceros_0040.jpg,Indian_Rhinoceros,data\raw\Indian_Rhinoceros\indian_rhinoceros_055.jpg,train
train\Indian_Rhinoceros\Indian_Rhinoceros_0041.jpg,Indian_Rhinoceros,data\raw\Indian_Rhinoceros\indian_rhinoceros_051.jpg,train
train\Indian_Rhinoceros\Indian_Rhinoceros_0042.jpg,Indian_Rhinoceros,data\raw\Indian_Rhinoceros\indian_rhinoceros_021.jpg,train
train\Indian_Rhinoceros\Indian_Rhinoceros_0043.jpg,Indian_Rhinoceros,data\raw\Indian_Rhinoceros\indian_rhinoceros_047.jpg,train
train\Indian_Rhinoceros\Indian_Rhinoceros_0044.jpg,Indian_Rhinoceros,data\raw\Indian_Rhinoceros\indian_rhinoceros_022.jpg,train
train\Indian_Rhinoceros\Indian_Rhinoceros_0045.jpg,Indian_Rhinoceros,data\raw\Indian_Rhinoceros\indian_rhinoceros_002.jpg,train
train\Indian_Rhinoceros\Indian_Rhinoceros_0046.jpg,Indian_Rhinoceros,data\raw\Indian_Rhinoceros\indian_rhinoceros_057.jpg,train
train\Indian_Rhinoceros\Indian_Rhinoceros_0047.jpg,Indian_Rhinoceros,data\raw\Indian_Rhinoceros\indian_rhinoceros_020.jpg,train
train\Indian_Rhinoceros\Indian_Rhinoceros_0048.jpg,Indian_Rhinoceros,data\raw\Indian_Rhinoceros\indian_rhinoceros_034.jpg,train
train\Indian_Rhinoceros\Indian_Rhinoceros_0049.jpg,Indian_Rhinoceros,data\raw\Indian_Rhinoceros\indian_rhinoceros_042.jpg,train
train\Indian_Rhinoceros\Indian_Rhinoceros_0050.jpg,Indian_Rhinoceros,data\raw\Indian_Rhinoceros\indian_rhinoceros_059.jpg,train
train\Indian_Rhinoceros\Indian_Rhinoceros_0051.jpg,Indian_Rhinoceros,data\raw\Indian_Rhinoceros\indian_rhinoceros_049.jpg,train
train\Indian_Rhinoceros\Indian_Rhinoceros_0052.jpg,Indian_Rhinoceros,data\raw\Indian_Rhinoceros\indian_rhinoceros_042.jpg,train
train\Indian_Rhinoceros\Indian_Rhinoceros_0053.jpg,Indian_Rhinoceros,data\raw\Indian_Rhinoceros\indian_rhinoceros_058.jpg,train
train\Indian_Rhinoceros\Indian_Rhinoceros_0054.jpg,Indian_Rhinoceros,data\raw\Indian_Rhinoceros\indian_rhinoceros_016.jpg,train
train\Indian_Rhinoceros\Indian_Rhinoceros_0055.jpg,Indian_Rhinoceros,data\raw\Indian_Rhinoceros\indian_rhinoceros_033.jpg,train
train\Indian_Rhinoceros\Indian_Rhinoceros_0056.jpg,Indian_Rhinoceros,data\raw\Indian_Rhinoceros\indian_rhinoceros_053.jpg,train
train\Indian_Rhinoceros\Indian_Rhinoceros_0057.jpg,Indian_Rhinoceros,data\raw\Indian_Rhinoceros\indian_rhinoceros_060.jpg,train
train\Indian_Rhinoceros\Indian_Rhinoceros_0058.jpg,Indian_Rhinoceros,data\raw\Indian_Rhinoceros\indian_rhinoceros_004.jpg,train
train\Indian_Rhinoceros\Indian_Rhinoceros_0059.jpg,Indian_Rhinoceros,data\raw\Indian_Rhinoceros\indian_rhinoceros_046.jpg,train
train\Indian_Rhinoceros\Indian_Rhinoceros_0060.jpg,Indian_Rhinoceros,data\raw\Indian_Rhinoceros\indian_rhinoceros_038.jpg,train
train\Indian_Rhinoceros\Indian_Rhinoceros_0061.jpg,Indian_Rhinoceros,data\raw\Indian_Rhinoceros\indian_rhinoceros_030.jpg,train
train\Indian_Rhinoceros\Indian_Rhinoceros_0062.jpg,Indian_Rhinoceros,data\raw\Indian_Rhinoceros\indian_rhinoceros_056.jpg,train
train\Indian_Rhinoceros\Indian_Rhinoceros_0063.jpg,Indian_Rhinoceros,data\raw\Indian_Rhinoceros\indian_rhinoceros_002.jpg,train
train\Indian_Rhinoceros\Indian_Rhinoceros_0064.jpg,Indian_Rhinoceros,data\raw\Indian_Rhinoceros\indian_rhinoceros_053.jpg,train
train\Indian_Rhinoceros\Indian_Rhinoceros_0065.jpg,Indian_Rhinoceros,data\raw\Indian_Rhinoceros\indian_rhinoceros_022.jpg,train
train\Indian_Rhinoceros\Indian_Rhinoceros_0066.jpg,Indian_Rhinoceros,data\raw\Indian_Rhinoceros\indian_rhinoceros_003.jpg,train
train\Indian_Rhinoceros\Indian_Rhinoceros_0067.jpg,Indian_Rhinoceros,data\raw\Indian_Rhinoceros\indian_rhinoceros_024.jpg,train
train\Indian_Rhinoceros\Indian_Rhinoceros_0068.jpg,Indian_Rhinoceros,data\raw\Indian_Rhinoceros\indian_rhinoceros_044.jpg,train
train\Indian_Rhinoceros\Indian_Rhinoceros_0069.jpg,Indian_Rhinoceros,data\raw\Indian_Rhinoceros\indian_rhinoceros_040.jpg,train
train\Indian_Rhinoceros\Indian_Rhinoceros_0070.jpg,Indian_Rhinoceros,data\raw\Indian_Rhinoceros\indian_rhinoceros_028.jpg,train
train\Indian_Rhinoceros\Indian_Rhinoceros_0071.jpg,Indian_Rhinoceros,data\raw\Indian_Rhinoceros\indian_rhinoceros_049.jpg,train
train\Indian_Rhinoceros\Indian_Rhinoceros_0072.jpg,Indian_Rhinoceros,data\raw\Indian_Rhinoceros\indian_rhinoceros_015.jpg,train
train\Indian_Rhinoceros\Indian_Rhinoceros_0073.jpg,Indian_Rhinoceros,data\raw\Indian_Rhinoceros\indian_rhinoceros_027.jpg,train
train\Indian_Rhinoceros\Indian_Rhinoceros_0074.jpg,Indian_Rhinoceros,data\raw\Indian_Rhinoceros\indian_rhinoceros_023.jpg,train
train\Indian_Rhinoceros\Indian_Rhinoceros_0075.jpg,Indian_Rhinoceros,data\raw\Indian_Rhinoceros\indian_rhinoceros_060.jpg,train
train\Indian_Rhinoceros\Indian_Rhinoceros_0076.jpg,Indian_Rhinoceros,data\raw\Indian_Rhinoceros\indian_rhinoceros_021.jpg,train
train\Indian_Rhinoceros\Indian_Rhinoceros_0077.jpg,Indian_Rhinoceros,data\raw\Indian_Rhinoceros\indian_rhinoceros_001.jpg,train
train\Indian_Rhinoceros\Indian_Rhinoceros_0078.jpg,Indian_Rhinoceros,data\raw\Indian_Rhinoceros\indian_rhinoceros_012.jpg,train
train\Indian_Rhinoceros\Indian_Rhinoceros_0079.jpg,Indian_Rhinoceros,data\raw\Indian_Rhinoceros\indian_rhinoceros_047.jpg,train
train\Indian_Rhinoceros\Indian_Rhinoceros_0080.jpg,Indian_Rhinoceros,data\raw\Indian_Rhinoceros\indian_rhinoceros_015.jpg,train
train\Indian_Rhinoceros\Indian_Rhinoceros_0081.jpg,Indian_Rhinoceros,data\raw\Indian_Rhinoceros\indian_rhinoceros_033.jpg,train
train\Indian_Rhinoceros\Indian_Rhinoceros_0082.jpg,Indian_Rhinoceros,data\raw\Indian_Rhinoceros\indian_rhinoceros_052.jpg,train
train\Indian_Rhinoceros\Indian_Rhinoceros_0083.jpg,Indian_Rhinoceros,data\raw\Indian_Rhinoceros\indian_rhinoceros_043.jpg,train
